-- employee-projects
START TRANSACTION;

CREATE TABLE job_titles
(
	id serial,
	title varchar(64) NOT NULL,
	CONSTRAINT pk_job_titles_id PRIMARY KEY (id)
);

CREATE TABLE dates
(
	id serial,
	date_added timestamp DEFAULT NOW() NOT NULL,
	CONSTRAINT pk_dates_id PRIMARY KEY (id)
);

CREATE TABLE departments
(
	department_number serial,
	name varchar(64) NOT NULL,
	CONSTRAINT pk_departments_department_number PRIMARY KEY (department_number)
);

CREATE TABLE employees
(
	employee_number serial,
	job_title_id integer NOT NULL,
	first_name varchar(32) NOT NULL,
	last_name varchar(32) NOT NULL,
	gender varchar(16),
	birthday_id integer NOT NULL,
	hire_date_id integer NOT NULL,
	department_id integer NOT NULL,
	CONSTRAINT pk_employees_employee_number PRIMARY KEY (employee_number),
	CONSTRAINT fk_employees_job_title_id FOREIGN KEY (job_title_id) REFERENCES job_titles (id),
	CONSTRAINT fk_employees_birthday_id FOREIGN KEY (birthday_id) REFERENCES dates (id),
	CONSTRAINT fk_employees_hire_date_id FOREIGN KEY (hire_date_id) REFERENCES dates (id),
	CONSTRAINT fk_employees_department_id FOREIGN KEY (department_id) REFERENCES departments (department_number)
);

CREATE TABLE projects
(
	project_number serial,
	name varchar(64) NOT NULL,
	start_date_id integer NOT NULL,
	CONSTRAINT pk_projects_project_number PRIMARY KEY (project_number)
);

CREATE TABLE projects_employees
(
	projects_id integer NOT NULL,
	employees_id integer NOT NULL,
	CONSTRAINT pk_projects_employees_projects_id_employees_id PRIMARY KEY (projects_id, employees_id)
);

        INSERT INTO departments (department_number, name) VALUES (1, 'Information Technology');
        INSERT INTO departments (department_number, name) VALUES (2, 'Sales');
        INSERT INTO departments (department_number, name) VALUES (3, 'Human Resources');

        INSERT INTO dates (id) VALUES (1);
        INSERT INTO dates (id) VALUES (2);
        INSERT INTO dates (id) VALUES (3);
        INSERT INTO dates (id) VALUES (4);

        INSERT INTO projects (project_number, name, start_date_id) VALUES (1, 'Synergistic Merger Acquisition', 1);
        INSERT INTO projects (project_number, name, start_date_id) VALUES (2, 'App Deployment', 2);
        INSERT INTO projects (project_number, name, start_date_id) VALUES (3, 'Morale Boosting Brainstorm', 3);
        INSERT INTO projects (project_number, name, start_date_id) VALUES (4, 'Titanic Deck Chair Rearrangement', 4);

        INSERT INTO job_titles (id, title) VALUES (1, 'Applications Developer');
        INSERT INTO job_titles (id, title) VALUES (2, 'Senior Developer');
        INSERT INTO job_titles (id, title) VALUES (3, 'Internal Organizational Advocate');
        INSERT INTO job_titles (id, title) VALUES (4, 'Sales Associate');

        INSERT INTO dates (id) VALUES (5);
        INSERT INTO dates (id) VALUES (6);
        INSERT INTO dates (id) VALUES (7);
        INSERT INTO dates (id) VALUES (8);
        INSERT INTO dates (id) VALUES (9);
        INSERT INTO dates (id) VALUES (10);
        INSERT INTO dates (id) VALUES (11);
        INSERT INTO dates (id) VALUES (12);

        INSERT INTO employees (employee_number, job_title_id, first_name, last_name, gender, birthday_id, hire_date_id, department_id) VALUES (1, 1, 'Byron', 'Sirknee', 'Male', 5, 5, 1);
        INSERT INTO employees (employee_number, job_title_id, first_name, last_name, gender, birthday_id, hire_date_id, department_id) VALUES (2, 1, 'Annie', 'Tao', 'Female', 6, 6, 1);
        INSERT INTO employees (employee_number, job_title_id, first_name, last_name, gender, birthday_id, hire_date_id, department_id) VALUES (3, 2, 'Graze', 'Hooper', 'Female', 7, 7, 1);
        INSERT INTO employees (employee_number, job_title_id, first_name, last_name, gender, birthday_id, hire_date_id, department_id) VALUES (4, 2, 'Aldon', 'Touring', 'Male', 8, 8, 1);
        INSERT INTO employees (employee_number, job_title_id, first_name, last_name, gender, birthday_id, hire_date_id, department_id) VALUES (5, 4, 'Jerry', 'Dialson', 'Male', 9, 9, 2);
        INSERT INTO employees (employee_number, job_title_id, first_name, last_name, gender, birthday_id, hire_date_id, department_id) VALUES (6, 4, 'Nina', 'McNetwork', 'Female', 10, 10, 2);
        INSERT INTO employees (employee_number, job_title_id, first_name, last_name, gender, birthday_id, hire_date_id, department_id) VALUES (7, 3, 'Pablo', 'Powerpoint', 'Male', 11, 11, 3);
        INSERT INTO employees (employee_number, job_title_id, first_name, last_name, gender, birthday_id, hire_date_id, department_id) VALUES (8, 3, 'Dominique', 'DeMemo', 'Female', 12, 12, 3);


        INSERT INTO projects_employees (projects_id, employees_id) VALUES (1, 5);
        INSERT INTO projects_employees (projects_id, employees_id) VALUES (1, 8);
        INSERT INTO projects_employees (projects_id, employees_id) VALUES (2, 3);
        INSERT INTO projects_employees (projects_id, employees_id) VALUES (2, 1);
        INSERT INTO projects_employees (projects_id, employees_id) VALUES (3, 4);
        INSERT INTO projects_employees (projects_id, employees_id) VALUES (3, 7);
        INSERT INTO projects_employees (projects_id, employees_id) VALUES (3, 6);
        INSERT INTO projects_employees (projects_id, employees_id) VALUES (4, 2);
        INSERT INTO projects_employees (projects_id, employees_id) VALUES (4, 8);

COMMIT;

select * from employees
join job_titles on employees.job_title_id = job_titles.id
join departments on employees.department_id = departments.department_number;

select * from projects_employees
join employees on projects_employees.employees_id = employees.employee_number
join projects on projects_employees.projects_id = projects.project_number;